name,protein_per_100g,calories
Whey Protein Isolate,90,373
Powdered Egg Whites,82.4,376
Egg Protein,81,373
Whey Protein Powder,78.1,352
Protein Hydrolysate,78,357
Protein Shake Mix,77,402
Whey Protein Concentrate,77,390
Vital Wheat Gluten,75.2,370
Egg White Protein Powder,75,350
Dried Anchovies,70,320
Strawberry Pudding Mix,65.2,348
Low-Fat Strawberry Pudding Mix,65.2,348
Brown Rice Protein Powder,65,353
Pork Jerky,63,309
Pea Protein Isolate,63,300
Smoked Sockeye Salmon,60.6,345
Spicy Pork Rinds,57.9,538
BBQ Pork Rinds,57.9,538
Salt and Vinegar Pork Rinds,57,571
"Spirulina, Dried",57,290
Pork Rinds,54.1,576.7215
Nutritional Yeast,53,400
Textured Vegetable Protein,52,357
Hemp Protein Powder,50,400
Dried Whole Egg,48.8,583
Walnut Flour,47,312
Nori Sheets,46.7,239
"Nori, Dried",46.7,239
Salmon Jerky,46.4,285
Venison Jerky,45,320
Edamame Crisps,44,435
Turkey Salami,43.1,386
Dried Chicken Jerky,42.9,250
Elk Jerky,41,250
Instant Yeast,40.4,325
Active Dry Yeast,40.4,325
Roasted Edamame,40,425
Dried Soy Nuts,40,460
Lupin Flour,40,247
Brewer's Yeast,40,383
Ostrich Jerky,40,267
Soybean Flour,38,440
Seasoned Soy Nuts,38,470
"Parmesan Cheese, Shredded",37.86,415
Vegan Protein Bar,37,386
Smoked Rainbow Trout,37,264
Salted Soy Nuts,37,471
Mature Soybeans,36.5,446
Smoked Lake Trout,36,254
"Lupini Beans, Dry",36,371
Parmesan Cheese,35.8,392
"Parmesan Cheese, Block",35.8,392
Aged Parmesan Cheese,35.78,392
"Applewood Smoked Bacon, Cooked",35.73,548
"Bacon, Cooked",35.7,548
Nonfat Dry Milk,35.1,358
Turkey Jerky,35,258
"Wild Turkey, Cooked",35,154
Grilled Turkey Breast,35,155
"Beef Roast, Cooked",34.95,245
Buttermilk Powder,34.3,387
"Peppered Bacon, Cooked",34,467
Peanut Flour,33.8,428
"Keto Macaroni and Cheese, Frozen",33.8,408
Fried Chicken Breast,33.4,187
Beef Jerky,33.2,410
Sweetened Whey Protein Bar,33,456
"Maple Bacon, Cooked",33,451
Pumpkin Seed Butter,33,533
"Rabbit Ribs, Raw",33,173
Braised Flat Cut Beef Brisket,32.9,213
Hemp Seeds,32.2,569
"Meal Replacement Bar, Sweetened",32,410
Grana Padano Cheese,32,380
Dried Turkey Snack Stick,32,220
Bresaola,32,160
"Porcini Mushrooms, Dried",32,350
Cronut,32,3070
Grilled Kingfish,31.3,282
Beef Bacon,31.3,450
Smoked Sturgeon,31.2,173
Turkey Pepperoni,31,243
"Kangaroo, Cooked",31,135
"Venison, Cooked",30.84,151
Roast Beef,30.8,171
Grilled Pork Tenderloin,30.7,161
Tri-Tip Roast,30.7,237
"Chicken Breast, Boneless Skinless, Cooked",30.54,151
Roasted Turkey Breast,30.5,170
Lentil Flour,30.45,367
Protein Bar,30.3,412
"Elk, Cooked",30.2,146
"Carribou, Cooked",30.2,163
Beef Pot Roast,30.1,302
"Oven-Roasted Turkey, Sliced",30,167
Turkey and Avocado Sandwich,30,468
Lamb Shank Stew,30,252
Low-Carb Energy Bar,30,416
"Skinless Turkey Wing, Cooked",30,147
Hemp Seed Butter,30,629
"Venison Tenderloin, Raw",30,149
"Wild Duck, Cooked",30,170
"Turkey Puree, Cooked",30,147
"Morel Mushrooms, Dried",30,305
"Pumpkin Seeds, Unsalted",29.9,555
"Bluefin Tuna, Cooked",29.9,184
Chocolate Sweet Roll,29.9,328
"Boneless Skin-On Chicken Breast, Cooked",29.8,197
"Pumpkin Seeds, Roasted",29.8,574
"Pumpkin Seeds, Salted",29.8,574
Gruyère Cheese,29.8,413
"Octopus, Cooked",29.8,164
"Eye of Round Roast, Cooked",29.7,165
Leg of Lamb Roast,29.7,200
Smoked Turkey Bacon,29.6,382
"Turkey Breast, Skinless, Cooked",29.5,136
"Peppered Turkey Bacon, Cooked",29.5,368
"Turkey Bacon, Cooked",29.5,368
"Uncured Turkey Bacon, Cooked",29.5,368
Comté Cheese,29.5,411
Turkey Bacon,29.5,368
"Turkey Breast, Cooked",29.4,154.88
"Smoked Turkey, Sliced",29.3,170
"Moose, Cooked",29.3,134
Roasted Skinless Turkey Leg,29.27,189
"Yellowfin Tuna, Cooked",29.2,130
"Canned Light Tuna in Oil, Drained",29.1,198
"Canned Yellowfin Tuna in Oil, Drained",29.1,198
"Canned Tongol Tuna in Oil, Drained",29.1,198
"Skipjack Tuna, Canned in Oil, Drained",29.1,198
"Parmesan Cheese, Grated",29,420
"Turkey Thigh, Cooked",29,160
"Turkey Dark Meat, Skinless, Cooked",29,149
"Anchovies, Canned Drained",29,210
Canned Smoked Mackerel,29,187
"Anchovies, Canned in Salt",29,210
"Anchovies in Oil, Canned, Drained",28.9,210
Prosciutto,28.73,297
Low Sugar Protein Bar,28.6,339
"Pork Loin Roast, Cooked",28.6,209
"Skinless Turkey Drumstick, Cooked",28.6,173
Watermelon Seeds,28.6,565
Smoked Turkey Luncheon Meat,28.5,171
"Bison, Cooked",28.44,143
Nonfat Swiss Cheese,28.4,127
Low Sodium Swiss Cheese,28.4,374
Reduced Fat Swiss Cheese,28.4,179
Dulce Chorizo,28.4,452
"Wild Boar, Cooked",28.3,160
Roasted Turkey Leg with Skin,28.24,206
Low-Fat Monterey Jack Cheese,28.2,313
"Turkey Wing, Cooked",28.1,232
"Albacore Tuna, Cooked",28,132
"Point Cut Beef Brisket, Grilled",28,244
Smoked Skinless Turkey Drumstick,28,185
"Maitake Mushrooms, Dried",28,393
"Goat Ribs, Raw",28,175
Smoked Point Cut Beef Brisket,28,300
"Turkey Drumstick with Skin, Cooked",28,208
Genoa Salami,27.94,355
"Turkey Dark Meat with Skin, Cooked",27.8,208
Protein Bar,27.7,414
Keto Protein Bar,27.5,500
Grilled Pork Belly,27.4,318
Smoked Turkey Wing,27.4,221
Rotisserie Chicken,27.3,239
Grilled Goat,27.1,143
Roasted Goat,27.1,143
"Goat Chop, Cooked",27.1,143
Smoked Goat Meat,27.1,143
"Chicken Drumettes, Cooked",27,216
Smoked Turkey Breast with Skin,27,137
"Albacore Tuna, Raw",27,108
"Turkey Thigh, Skinless Cooked",27,162
Swiss Cheese,27,390
"Herb-Crusted Roast Beef, Sliced",27,188
Calabrese Salami,27,340
Cacciatore Salami,27,360
"Ground Goat Meat, Raw",27,143
"Corned Beef with Mustard Coating, Cooked",27,251
"Brisket Roast, Cooked",26.8,291
"Canned Yellowfin Tuna, Drained",26.7,196
Roasted Lentils,26.7,367
"90% Extra Lean Ground Beef, Cooked",26.6,216
"Canned White Tuna in Oil, Drained",26.53,186
"Canned Albacore Tuna in Oil, Drained",26.5,186
"Sockeye Salmon, Cooked",26.5,156
Soy Chips,26.5,381
Seitan,26.5,195.51
Smoked Bluefish,26.5,164
Grilled Mackerel,26.4,183.56
"Snapper, Cooked",26.3,128
Whole Milk Powder,26.3,496
Spanish Chorizo,26.26,234
"Tilapia, Cooked",26.2,128
Baked Tilapia,26.2,129
Almond Flour,26.2,622
Blanched Almond Flour,26.2,610
Unblanched Almond Flour,26.2,622
"Fava Beans, Dry",26.12,341
"Canned Tuna, Drained",26.1,129.06
Roasted Pork Tenderloin,26.1,143
Fried Chicken Wings,26.1,321
Smoked Provolone Cheese,26.1,348
"Broad Beans, Dry",26.1,341
Mustard Seeds,26.08,508
"80% Lean Ground Beef, Cooked",26,254
"Pepper Turkey, Cooked, Sliced",26,125
Baked Fish,26,128
BBQ Pork Tenderloin,26,144
"Canned Tongol Tuna in Water, Drained",26,116
Yellow Lentils,26,353
Baby Swiss Cheese,26,390
Spicy Chili Peanuts,26,600
Mixed Seafood Stir-Fry,26,183
Reduced Sodium Corned Beef,26,232
"Venison Chop, Raw",26,130
Salt-Cured Anchovies,26,167
Fava Bean Flour,26,323
Grilled Marlin,26,120
Curried Lamb Shank,26,218
Pork Snout,26,236
Pike Caviar,26,131
"Beef Patty, Cooked",25.9,250
Reduced Fat Peanut Butter,25.9,520
Peanuts,25.8,567
"Chum Salmon, Cooked",25.8,154
Braised Whole Beef Brisket,25.8,331
Smoked Marlin,25.8,130
"Chuck Roast Beef, Cooked, Sliced",25.7,207
Smoked Spanish Mackerel,25.7,203
"Kidney, Cooked",25.7,153
Provolone Cheese,25.6,352
Traditional Provolone Cheese,25.6,352
Aged Provolone,25.6,352
Fontina Cheese,25.6,389
Plain Papads,25.6,371
"Masala Papad, Cooked",25.6,371
Pureed Lamb,25.6,258
Canned Skipjack Tuna,25.51,116
"Canned Yellowfin Tuna in Water, Drained",25.5,115
Protein Granola Bars,25.5,495
Grilled Salmon,25.4,182
"Bison Burger, Cooked",25.4,179
"Chicken Drumsticks, Skin-On, Cooked",25.2,203
Smoked Haddock,25.2,116
"Ground Beef, Cooked",25.1,240
Brown Lentils,25.1,340
"Quail, Cooked",25.1,227
High Fiber Protein Bar,25,450
Green Lentils,25,350
"Low Sodium Roast Beef, Sliced",25,160
Jarlsberg Cheese,25,357
Aged Monterey Jack Cheese,25,393
Breaded Haddock,25,197.66
Soppressata,25,321
Vegan Protein Energy Bar,25,420
Smoked Trout,25,190
Edam Cheese,25,357
Vegan Chorizo,25,170
"Pike, Cooked",25,113
Appenzeller Cheese,25,394
Smoked Anchovies,25,188
Urad Dal (Black Gram Beans),25,341
Protein Cookie,25,395
"Marlin Steak, Raw",25,100
Beaufort Cheese,25,345
Tête de Moine Cheese,25,401
Smoked Quail,25,227
"Goat Liver, Raw",25,160
"Alligator, Cooked",25,115
"Skinless Chicken Drumsticks, Cooked",24.9,157
Gouda Cheese,24.9,357
Cured Pork Shoulder,24.9,170
Baked Salmon,24.8,174
"Grouper, Cooked",24.8,118
"Mackerel, Cooked",24.8,189
Baked Mackerel,24.8,189
"Wheat Germ, Raw",24.8,367
"Mullet, Cooked",24.8,150
Low-Fat Provolone Cheese,24.7,274
Asiago Cheese,24.7,461
"Pink Salmon, Cooked",24.6,153
Low-fat American Cheese,24.6,180
Aged Cheddar Cheese,24.6,406
Canned Sardines in Oil,24.6,208
Canned Sardines in Olive Oil,24.6,208
"Sardines, Canned, Drained",24.6,208
Canned Sardines with Garlic,24.6,208
"Sardine, Cooked",24.6,208
Kippered Herring,24.6,217
Havarti Cheese,24.5,340.34
Dried Parsley,24.5,284
"Great Northern Beans, Dry",24.5,379
Blackened Tilefish,24.5,147
Baked Tilefish,24.5,147
Baked Trout,24.45,169
"Peanuts, Roasted",24.4,587
"Trout, Cooked",24.4,169
"Tuna Steak, Raw",24.4,109
"Yellowfin Tuna, Raw",24.4,109
"Beef Brisket, Point Cut, Braised",24.4,349
"Yellowfin Tuna Steak, Raw, Frozen",24.4,109
Part-Skim Mozzarella Cheese,24.3,254
Sharp Cheddar Cheese,24.2,410
"Black Bass, Cooked",24.2,146
Cooked Scup,24.2,135
Watermelon Seed Butter,24.2,576
Crunchy Peanut Butter,24.06,589
Mild Cheddar Cheese,24,406
"Chicken Leg, Skin-On, Cooked",24,184
Meat Tortellini,24,367
Monterey Jack Cheese,24,380
Reduced Sugar and Sodium Peanut Butter,24,633
"Kidney Beans, Dry",24,340
Pepper Jack Cheese,24,400
"Turkey Bratwurst, Cooked",24,196
Yellow Split Mung Beans,24,330
Bulgarian Feta Cheese,24,317
"Sardines, Canned, Whole",24,208
Roasted Broad Beans,24,420
"Marlin, Cooked",24,130
Braised Lamb Shank,24,201.2
Roasted Lamb Shank,24,196
Dry Jack Cheese,24,370
"Canned Swordfish in Oil, Drained",24,200
Smoked King Mackerel,24,276
Reblochon Cheese,24,338
Grilled Tilefish,24,147
Marinated Anchovies,24,161
"Opah Steak, Raw",24,105
"Carribou, Raw",24,125
Pulled Pork Sandwich,24,371
Boneless Skinless Chicken Tenders,24,106
Cooked Shrimp,24,99
"Light Tuna, Canned, Drained",23.9,108
Turkey Sausage,23.9,196
"Turkey Sausage, Cooked",23.9,196
Paleo Protein Bar,23.9,435
Milk Powder,23.9,492.5914
"Mung Beans, Dry",23.9,347
"Bigeye Tuna, Raw",23.81,115
Low-Moisture Mozzarella Cheese,23.8,297
Colby Cheese,23.8,394
Baked Chicken Wings,23.8,254
Port Salut Cheese,23.8,352
"Lamb Chops, Raw",23.8,192.16
"Mussels, Steamed",23.8,172
"Blue Mussels, Cooked",23.8,172
"Whelk, Raw",23.8,137
Baked Mahi-Mahi,23.72,109
"Snow Crab, Cooked, Frozen",23.72,115
"Pinto Beans, Dry",23.7,347
"White Kidney Beans, Dry",23.7,333
Grilled Mahi-Mahi,23.7,109
Baked Pompano,23.7,211
Grilled Pompano,23.7,211
Stilton Blue Cheese,23.7,410
"Eel, Cooked",23.7,236
Cheddar Cheese,23.67,407
"Canned Albacore Tuna, Drained",23.62,128
"Mozzarella, Shredded",23.6,304
"Canned Albacore Tuna in Water, Drained",23.6,128
"Canned White Tuna in Water, Drained",23.6,128
"Red Salmon, Canned, Drained",23.6,167
"Coho Salmon, Canned and Drained",23.6,136
Canned Sockeye Salmon,23.6,167
"Sea Bass Fillets, Cooked",23.6,124
"Sockeye Salmon, Canned and Drained",23.6,167
"Spanish Mackerel, Canned, Drained",23.6,157
"Black Sea Bass, Cooked",23.6,124
"Turkey Breast, Raw",23.5,113
"Boneless Skinless Turkey Breast, Raw",23.5,112
"Red Beans, Dry",23.5,337
Smoked Swordfish,23.5,172
"Sailfish, Cooked",23.5,170
Munster Cheese,23.41,368
"Turkey Breast Tenders, Raw",23.4,114
"Coho Salmon, Cooked",23.4,139
"Round Roast, Raw",23.4,122
"Swordfish Fillet, Cooked",23.4,172
Smoked Whitefish,23.4,108
Grilled Swordfish,23.4,172
Bluefin Tuna,23.33,144
"BBQ Flavored Sunflower Seeds, Salted",23.3,633
"Cornish Game Hen, Skinless, Cooked",23.3,134
"Bluefin Tuna, Raw",23.3,144
Steamed Pompano,23.24,206
Hard Salami,23.2,384
"Mackerel, Canned in Brine, Drained",23.2,156
"Canned Mackerel with Lemon, Drained",23.2,156
"Mackerel, Canned, Drained",23.2,156
Steamed Perch,23.2,265
"Mackerel, Canned in Water, Drained",23.2,156
"Beef Brisket, Flat Cut, Smoked",23.2,301
"Spiced Mackerel, Canned",23.2,156
Wheat Germ,23.2,360
"Pork Trotters, Raw",23.2,213
Red Lentils,23.1,340
Protein Pancake Mix,23.1,369
Canned Pink Salmon,23.1,138
"Canned Pink Salmon, Drained",23.1,138
"Yellowtail Steak, Raw",23.1,146
"Yellowtail, Whole, Raw",23.1,146
"Yellowtail Loin, Raw",23.1,146
Grilled Chicken Wings,23.1,266
Yellowtail Sashimi,23.1,146
"Cranberry Beans, Dry",23.03,335
"Ground Chicken Breast, Raw",23,110
"Canned Skipjack Tuna in Water, Drained",23,100
"Beef Sirloin Steak, Raw",23,123
Protein-Enriched Oatmeal,23,380
Honey Roasted Peanuts,23,560
"Smoked Chicken, Sliced",23,110
"Seasoned Roast Beef, Sliced",23,143
"Berkshire Pork Tenderloin, Raw",23,218
Skinless Yellowtail Fillet,23,146
Soy Nut Butter,23,600
Dried Basil,23,233
Split Peas,23,352
Steamed Mackerel,23,159.66
Chicken Snack Sticks,23,180
Lamb Loin Roast,23,300
"Chickpea Pasta, Dry",23,350
"Walleye, Cooked",23,111
Black Sesame Seeds,23,714
Ground Fenugreek,23,323
Grilled Lamb Shank,23,180
"Oxtail, Raw",23,227
Beef Oxtail,23,245
"Venison Roast, Raw",23,120
Smoked Butterfish,23,187
Fenugreek Seeds,23,323
Smoked Duck Breast,23,249
"Sailfish, Raw",23,155
"Marlin Fillet, Raw",23,100
"Venison Steak, Raw",23,120
Duck Confit,23,326
"Cremini Mushrooms, Dried",23,350
"Elk, Raw",23,111
"Elk Steak, Raw",23,111
Black Bean Flour,22.99,363
"Venison, Raw",22.96,120
"Rainbow Trout, Cooked",22.9,150
"Top Sirloin Roast, Raw",22.9,128
Kingfish Fillet,22.9,205.07
"Lamb Shank, Bone-In, Raw",22.9,147.47
"Marrow Beans, Dry",22.9,343
"Marlin, Raw",22.9,99
"Yellowtail Fillet with Skin, Raw",22.9,205.07
"Anasazi Beans, Dry",22.9,343
Kingfish Sashimi,22.9,205.07
Leather Carp,22.86,127
"Cod, Cooked",22.8,105
"Pork Sirloin Chop, Raw, Frozen",22.8,121
Pickled Mackerel,22.8,251
Dried Tarragon,22.8,295
"Orange Roughy, Baked",22.64,105
"Orange Roughy, Cooked Frozen",22.6,105
"Orange Roughy, Cooked",22.6,105
"Orange Roughy, Grilled",22.6,105
"Quail Breast, Raw",22.6,123
"Prime Rib Beef Roast, Cooked",22.6,401
"Boneless Skinless Chicken Breast, Raw",22.5,120
"Halibut, Cooked",22.5,111
"Marinated Pork Tenderloin, Raw",22.5,135
Black Lentils,22.5,310.23
"Low Sodium Turkey Nuggets, Cooked",22.5,235
Lamb Shoulder Roast,22.5,276
"Ostrich Steak, Raw",22.5,114
"Ground Rabbit, Raw",22.5,156
"Chicken Tail, Raw",22.5,289
"Snake, Raw",22.5,108
"Pork Loin Chop, Raw",22.4,136.95
Baked Croaker,22.4,131
Chickpea Flour,22.4,387
Pea Flour,22.4,315
BBQ Chicken Wings,22.4,234
"Anchovies, Canned in Water, Drained",22.35,141
Peanut Butter,22.3,606
"Low-Sodium Ham, Cooked Slices",22.3,172
"Navy Beans, Dry",22.3,337
"Cornish Game Hen with Skin, Cooked",22.3,259
"Moose, Raw",22.3,103
Baked Rockfish,22.23,109
Smooth Peanut Butter,22.2,598
Whole Milk Mozzarella Cheese,22.2,299
"Bottom Round Roast, Raw",22.2,132
Reduced Sodium American Cheese,22.2,376
Fresh Mozzarella,22.2,299
"Pollock, Cooked",22.2,102
"Rockfish, Grilled",22.2,109
Goat Leg,22.2,108.99
Grilled Butterfish,22.2,187
Pike Roe,22.14,142.86
"Atlantic Salmon, Cooked",22.1,206
Canned Sardines in Brine,22.1,170
"Veal Cutlet, Raw",22.1,107
"Lamb Shank, Frenched, Raw",22.1,122
"Ostrich Fillet, Raw",22.1,123
Honey Roasted Peanut Butter,22,578
Turkey Luncheon Meat,22,122
White Meat Ground Chicken,22,105
Red Pepper Flakes,22,600
"Pork Tenderloin Medallions, Raw",22,113
"Skipjack Tuna, Raw",22,103
Canned Salmon,22,145
Roasted Chickpeas,22,378
Cube Steak,22,142
"Tenderloin Steak, Raw",22,142.81
"Canned Sardine Fillets, Drained",22,210
"Arctic Char, Raw",22,130
Toor Dal,22,343
"Turkey Breast, Bone-In, Raw",22,157
"Spatchcocked Chicken, Cooked",22,185
"Sushi-Grade Salmon, Raw",22,178
Instant Miso Soup,22,333
Cotija Cheese,22,359
Breaded Mackerel,22,298
Goat Sausages,22,230
"Falafel Mix, Dry",22,320
Kefalotyri Cheese,22,370
"Ostrich Medallion, Raw",22,165
Pureed Salmon,22,206
Smoked Carp,22,160
Ostrich Sausage,22,258
"Wild Cobia, Raw",22,150
"Ostrich Burger Patty, Raw",22,125
Smoked Pike,22,150
"Rabbit Saddle, Raw",22,120
"Quail, Ground, Raw",22,130
Smoked Turkey Sausage,22,170
"Sockeye Salmon, Raw",21.9,139
"Coriander, Dried",21.9,279
Dried Cilantro,21.9,279
"Strip Steak, Raw",21.87,153
Baked Perch,21.87,107.3
Salami,21.8,336
Pastrami,21.8,147
Spicy Pastrami,21.8,147
Peppered Pastrami,21.8,147
"Venison Burger, Raw",21.8,157
"Ground Elk, Raw",21.8,172
"Quail, Raw",21.8,134
"Pigeon, Cooked",21.8,141
Silver Carp,21.71,132.65
Italian Salami,21.7,425
"Beef Tri-Tip, Raw",21.7,159
Grilled Perch,21.7,107
"Chicken Chorizo Sausage, Cooked",21.7,196
"Bison, Raw",21.62,109
"Bison Steak, Raw",21.62,109
Almonds,21.6,601
"Black Beans, Dry",21.6,341
"Beef Shank, Raw",21.6,140.06
"Cut-Up Whole Turkey, Raw",21.6,144
Baked Cod,21.6,95
"Cannellini Beans, Dry",21.6,345
"Whole Turkey, Raw",21.6,144
Pont-l’Évêque Cheese,21.6,300
"Spatchcocked Whole Turkey, Raw",21.6,144
Heritage Whole Turkey,21.6,144
"Pork Tenderloin, Raw, Sliced",21.5,113
"Sardines, Canned with Lemon",21.5,205
Dried Beef Snack Sticks,21.5,550
"Roquefort Cheese, Crumbled",21.5,369
Roquefort Cheese,21.5,369
Roquefort Blue Cheese,21.5,369
Brie Noir,21.5,350
"Wild Boar, Raw",21.5,122
"95% Extra Lean Ground Beef, Raw",21.4,137
Colby Jack Cheese,21.4,393
"Whole Chicken, Cooked",21.4,184.3
Gorgonzola Cheese,21.4,353
"Blue Cheese, Crumbled",21.4,353
Wasabi Almonds,21.4,607
Maytag Blue Cheese,21.4,375
"Opah, Raw",21.4,151
"Wild Turkey, Raw",21.4,140
"Rabbit Loin, Raw",21.4,137
"Italian Turkey Sausage, Cooked",21.37,157
"Rib Lamb Chops, Raw",21.3,237
Smoked Beef,21.3,133
"Crab Meat, Cooked",21.3,103
"Pork Tenderloin, Raw",21.2,115
"Pacific Salmon, Raw",21.2,106.12
Dried Chives,21.2,311
"Black-Eyed Peas, Dry",21.2,354
"Lamb Shank, Boneless",21.2,119
"Brook Trout, Raw",21.2,110
Opah Fillet,21.2,150
"Bison Roast, Raw",21.12,119
"Yellowfin Tuna, Canned in Water",21.1,84.5
"Extra Lean Ground Pork, Raw",21.1,121
"Kangaroo, Raw",21.1,94.23
"Turkey Breast, Sliced",21,108
Almond Butter,21,614
Smooth Almond Butter,21,614
Unsweetened Almond Butter,21,614
Smoked Skinless Turkey Breast,21,108.27
"Reduced Fat Beef Sausage, Cooked",21,266
Unsweetened Crunchy Almond Butter,21,614
"Steelhead Trout, Cooked",21,159
"Flank Steak, Raw",21,164
Flat Iron Steak,21,137
"Flat Cut Beef Brisket, Grilled",21,124
"Organic Turkey, Sliced",21,89
High-Protein Granola,21,471
"Coho Salmon, Raw",21,146
High-Protein Pancake Mix,21,350
Meatless Soy Meatballs,21,197
Vegan Meatless Meatballs,21,197
Hanger Steak,21,185
Skinless Whiting Fillet,21,93
Lentil Meatless Meatballs,21,200
"Blue Cheese, Block",21,353
"Boneless Leg of Lamb, Raw",21,187
Pistachio Butter,21,557
"Sturgeon, Cooked",21,135
Cobia Sashimi,21,134
Bleu d’Auvergne Cheese,21,341
"Dried Teriyaki Snack Sticks, Sweetened",21,464
Smoked Kingfish,21,134
"Marinated Halibut Steak, Raw",21,151
Reduced-Fat Brie Cheese,21,270
Sweetened Goat Cheese,21,400
Saint-Nectaire Cheese,21,360
"Rabbit Legs, Raw",21,125
"Triggerfish, Raw",21,93
"Shark, Raw",21,130
"Iberico Pork Tenderloin, Raw",21,109
"Rabbit Heart, Raw",21,130
"Alligator, Raw",21,112
Plant-Based Meatballs,21,197
Smoked Turkey Breast,21,102
"Almonds, Roasted",20.96,598
Wild-Caught Halibut,20.81,110
"93% Extra Lean Ground Beef, Raw",20.8,152
Trout Fillet with Skin,20.8,148
"Trout, Raw",20.8,148
Brie Cheese,20.8,334
"Adzuki Beans, Dry",20.8,333
"Crab Claws, Cooked",20.8,100
Smoked Brisket,20.76,244
"Grouper Fillet, Skin-On",20.7,92
Curried Chicken Salad,20.7,293
"Turkey Thigh, Raw",20.6,116
"Lima Beans, Dry",20.6,335
"Goat Meat, Raw",20.6,109
Smoked Halibut,20.6,105.64
"Turbot, Cooked",20.6,122
"Goat Burgers, Raw",20.6,143
"Spiny Lobster, Raw",20.6,112
"Goat Stew Meat, Raw",20.6,109
"Frog Legs, Cooked",20.6,92
"Goat Kidneys, Raw",20.6,119
"Rump Roast, Raw",20.56,184
"Salmon Fillets, Raw",20.5,230.64
"Pork Sirloin Chop, Raw",20.5,168
Pink Salmon,20.5,127
"Rainbow Trout, Raw",20.5,119
"Snapper Fillet, Skinless, Raw",20.5,100
"Snapper, Raw",20.5,100
Lentil Soup Mix,20.5,330
"Halibut Fillet with Skin, Raw",20.5,116
Smoked Herring,20.5,215.1054
"Duck Gizzard, Raw",20.5,96
Sesame Seeds,20.45,631
"Farmed Salmon Fillets, Raw",20.4,208
"Atlantic Salmon, Frozen",20.4,208
"Extra Lean Ground Lamb, Raw",20.4,133
Steamed Cod,20.4,84
"Snapper Fillets, Raw",20.4,99
"Beef Liver, Raw",20.4,132
"Cocktail Shrimp, Canned",20.4,100
Canned Shrimp in Oil,20.4,195
"Flavored Canned Shrimp, Drained",20.4,100
"Atlantic Salmon, Raw",20.3,208
Pistachios,20.3,580
"Pork Rib Chop, Raw",20.3,186
"Atlantic Salmon, Canned, Drained",20.3,228.97
"T-Bone Steak, Raw",20.3,209.85
"Flat Cut Beef Brisket, Raw",20.3,165
"Snapper Fillet, with Skin",20.3,100
Brown Shrimp,20.3,106
"Short Ribs, Cooked",20.3,249
Tempeh,20.3,192
King Mackerel,20.3,105
"Beef Fajitas, Cooked",20.2,143
"Sheepshead Fillet, Raw",20.2,108
"Ground Ostrich, Raw",20.2,165
"Shrimp, Raw",20.1,85
"Shrimp, Raw, Frozen",20.1,85
"Tilapia, Raw",20.1,96
"Skinless Tilapia Fillet, Raw",20.1,96
"Tilapia Fillets, Raw",20.1,96
"Chum Salmon, Raw",20.1,120
Smoked Atlantic Salmon,20.1,264.82
Tilapia Loin,20.1,96
Pacific Mackerel,20.1,158
Smoked Hake,20.1,94.65
Limburger Cheese,20.05,327
"Turkey Kielbasa, Cooked",20.03,154
Mixed Nuts,20,607
Turkey and Cheese Sandwich,20,217
"Boneless Pork Chop, Raw",20,211
"Honey Turkey Slices, Cooked",20,125
Beef Fajita Strips,20,188
Chicken Luncheon Meat,20,115.44
"Turkey Meatballs, Raw",20,120
"Haddock, Cooked",20,90
"Breaded Turkey Breast, Cooked",20,200
Paneer,20,321
"Sardines in Water, Canned",20,180
Smoked Pork Tenderloin,20,119
"Ground Pork, Spicy",20,250
Picante Chorizo,20,350
Smoked Tofu,20,172
"Turkey Nuggets, Spicy, Cooked",20,198
Portuguese Chorizo,20,230
Vegan Pancake Mix,20,313
Poached Haddock,20,90
"Roasted Chickpeas, Salted",20,390
Low-Fat Parmesan Cheese,20,265
Seeded Crispbread,20,470
Low Sodium Pastrami,20,120
"Turkey Wings, Raw",20,189
Dried Dill,20,253
Grilled Whole Beef Brisket,20,350
"Roasted Chickpeas, Herbed",20,390
"Spare Ribs, Cooked, Sweetened",20,370
"Brown Trout, Raw",20,115
Buffalo Mozzarella,20,300
"Canned Jumbo Shrimp, Drained",20,105
"Arctic Char, Cooked",20,186
"Mahi Mahi Fillets, Raw",20,90
Pecorino Romano Cheese,20,400
"Mackerel in Oil, Canned, Drained",20,300
Lump Crab Meat,20,100
"Shrimp, Canned in Water, Drained",20,100
Chicken Luncheon Meat,20,115.44
"Bluefish, Frozen, Raw",20,124
"Canned Atlantic Mackerel, Drained",20,230
Smoked Mozzarella,20,284
"Chia Seeds, Ground",20,400
"Turkey with Gravy, Cooked",20,165
Pistachio Paste,20,565
"Lamb Loin Chop, Raw",20,142
"Whiting Fillet with Skin, Raw",20,95
Cashew Flour,20,533
Crab Melt Sandwich,20,424
Instant Green Tea,20,310
"John Dory, Raw",20,90
Instant Black Tea,20,350
Bluefish Steaks,20,124
"Bluefish, Raw",20,124
Duck Bacon,20,527
"Bluefish Fillet, Raw",20,124
"Wakame, Dried",20,206
"Cobia Fillet, Skin-On, Raw",20,190
Minestrone Soup Mix,20,358
Pistachio Flour,20,597
Fourme d’Ambert Cheese,20,340
"Cornish Game Hen, Raw",20,116
"Cobia, Baked",20,100
Dried Wakame Seaweed,20,206
"Sheepshead, Raw",20,103
"Cod Puree, Cooked",20,90
"Hogfish, Raw",20,98
"Snake, Cooked",20,116
Instant Minestrone Soup,20,358
Buffalo Chicken Wings,20,240
"Spearmint, Dried",19.93,285
"Chinook (Pacific) Salmon, Raw",19.9,179
"King Salmon, Raw",19.9,179
"Steelhead Trout, Raw",19.9,141
"Veal Liver, Raw",19.9,140
"Duck Breast, Raw",19.8,123
Camembert Cheese,19.8,300
Caraway Seeds,19.8,333
Flavored Feta Cheese,19.71,273
"Swordfish Steak, Raw",19.7,144
"Sardines, Raw",19.7,105.64
"Sardine, Raw",19.7,105.64
Swordfish Sashimi,19.7,144
"Langoustine, Cooked",19.7,88
"Elk Roast, Raw",19.7,98
"Ribeye Steak, Raw",19.7,232
"Chuck Steak, Raw",19.65,181
Cocoa Powder,19.6,228
"Spicy Chicken Tenders, Cooked",19.6,253
Reduced Sodium Turkey Luncheon Meat,19.6,89
"Tiger Shrimp, Raw",19.6,86.2
Reduced Fat Pastrami,19.6,95
"Swordfish Steak, Frozen",19.6,143
Samgyetang,19.6,328
Brie de Meaux,19.6,337
"Lobster, Raw",19.6,93.93
"Lobster Tail, Raw",19.6,93.93
"Lobster Meat, Raw",19.6,93.93
Baked/Broiled Pompano with Breading,19.55,270
"Trout Fillets, Raw",19.5,140
"Pork Chorizo, Cooked",19.5,320
Plant-Based Hot Dogs,19.5,197.9
"Cobia Fillet, Skinless Raw",19.5,182
"Pike Fillet, Raw",19.5,90
"Rabbit Liver, Raw",19.5,109
"Canned Light Tuna in Water, Drained",19.44,86
"Chicken Sausages, Cooked",19.44,176
"Grass-Fed Ground Beef, Raw",19.4,198
"Pollock Fillets, Raw",19.4,92
"Perch, Raw",19.4,91
"Perch Fillets, Raw",19.4,91
"Grouper, Raw",19.4,92
"Mullet, Raw",19.4,117
"Mullet Fillet, Raw",19.4,117
"Grouper Fillet, Raw",19.4,92
"Striped Mullet, Raw",19.4,117
"Grey Mullet, Raw",19.4,117
"Ground Pollock, Raw",19.4,92
"Ground Turkey, Raw",19.3,147
Ground Turkey,19.3,147
"Sunflower Seeds, Roasted",19.3,582
"Salmon Fillet, Frozen",19.3,235
"Boneless Country Style Pork Ribs, Raw",19.3,189
"Shrimp, Canned in Brine, Drained",19.3,93.1
"Spanish Mackerel, Raw",19.3,139
"Lamb Shanks, Raw",19.3,185
"Pike, Raw",19.3,89
"Veal Shoulder, Raw",19.3,130
"Pike Steak, Raw",19.3,88
"Veal Shanks, Raw",19.25,110
Pepperoni,19.2,504
Spicy Pepperoni,19.2,504
"Barramundi Fillet, Skinless",19.2,125
"Turkey Drumsticks, Raw",19.2,144
90% Extra Lean Ground Beef,19.1,181
"Chicken Drumsticks, Skinless",19.1,116
"Back Ribs, Raw",19.1,244
"Butter Beans, Dry",19.1,290
"Skinless Walleye Fillet, Raw",19.1,93
"Walleye Fillet with Skin, Raw",19.1,93
"Whole Walleye, Raw",19.1,93
Sweetened Oatmeal with Fruit,19,424
"Deli Roast Beef, Sliced",19,116
Roast Beef Luncheon Meat,19,111
"Roast Beef, Sliced",19,116
"Oven-Roasted Beef, Sliced",19,116
"Peppered Roast Beef, Sliced",19,116
"Buffalo Chicken, Sliced, Cooked",19,140
Pan-Fried Tilapia,19,163
"Well-Done Roast Beef, Sliced",19,116
"Ribeye Ribs, Raw",19,230
Tuna Casserole,19,267
"Rare Roast Beef, Sliced",19,116
Smoked Cod Fillets,19,86.5
"Farm-Raised Halibut, Raw",19,95
Beef Pepperoni,19,500
Cobia,19,92
Grilled Cobia,19,90
"Herring, Canned and Drained",19,217
"Boneless Lamb Roast, Raw",19,204
"Lamb Roast, Bone-In, Raw",19,220
"Crab, Frozen",19,90
Mackerel Sashimi,19,205
Tallegio Cheese,19,315
"John Dory Fillet, Raw",19,90
"Lobster Meat, Cooked",19,89
"Whole Turkey, Frozen",19,150
"John Dory, Farmed, Raw",19,90
"Brined Whole Turkey, Raw",19,159
"Cobia, Farm Raised, Raw",18.99,87
"Sirloin Roast Beef, Sliced",18.93,116
"Top Round Roast Beef, Sliced",18.9,116
"Smoked Roast Beef, Sliced",18.9,116
Scup Fillets,18.9,105
"Scup, Raw",18.9,105
"Veal Ribs, Raw",18.9,162
"Largemouth Bass, Raw",18.9,114
"Sole, Cooked",18.84,91
Wild-Caught Flounder Fillet,18.84,91
"Lean Ground Pork, Raw",18.8,221
Nut-Based Energy Bar,18.8,511
"Chickpeas, Dry",18.8,337.95
"Black Bass, Raw",18.8,114
Canned Shrimp,18.8,90
"Farm-Raised Bass, Raw",18.8,114
Skin-On Flounder Fillet,18.8,90
Capons,18.8,234
"Lobster, Frozen",18.8,80
"Turkey Gizzards, Raw",18.8,111
"Pork Sausages, Cooked",18.77,290
Chia Seed Butter,18.75,531
"Skirt Steak, Raw",18.7,206
"Picnic Pork Shoulder, Raw",18.7,193
"Whole Sole, Raw",18.7,86.04
"Common Sole, Raw",18.7,86.04
"Dover Sole, Raw",18.7,86
Pan-Fried Pompano,18.7,284
"Red Mullet, Raw",18.7,110
"Ground Bison, Raw",18.67,224
"85% Lean Ground Beef, Raw",18.6,215
"Chicken Thighs, Boneless Skinless, Raw",18.6,144
"Halibut Steak, Raw",18.6,91
"Mackerel Fillet, Raw",18.6,160.3
"Mackerel, Raw",18.6,160
"Halibut Fillet, Raw",18.6,91
"Halibut Fillet, Raw, Frozen",18.6,91
"Lamb Leg Chops, Raw",18.6,206
"Monkfish, Cooked",18.6,97
"Atlantic Mackerel, Raw",18.6,205
"Ground Veal, Raw",18.6,197
Natto,18.6,212
Goat Cheese,18.52,264
"Pork Chop, Raw",18.5,150.7
"Sweet Turkey Sausage, Cooked",18.5,220
"Tilapia Fillet with Skin, Raw",18.5,114
"Ocean Perch, Cooked",18.5,96
"Mahi Mahi, Raw",18.5,85
"Lamb Shoulder Roast, Raw",18.5,229.21
Queso Fresco,18.5,299
"Rockfish Fillet, Skin-On, Raw",18.5,90
"Pompano Fillet, with Skin",18.5,164
"Chicken Chorizo, Raw",18.5,179
"Snow Crab Legs, Raw",18.5,90
"Pompano Fillet, Raw",18.48,164
"Beef Brisket, Whole, Raw",18.41,252
"Chuck Roast, Raw",18.4,232
Tahini,18.4,667
"Catfish, Cooked",18.4,144
Breaded Salmon,18.4,161
"Brisket, Raw",18.4,253
"Rockfish, Raw",18.4,90
"Whole Sea Bass, Raw",18.4,97
"Sea Bass, Raw",18.4,97
"Rockfish Fillet, Skinless, Raw",18.4,90
"Sea Bass Fillet Skinless, Raw",18.4,97
"Black Sea Bass, Raw",18.4,97
"Eel, Raw",18.4,184
"Hake Steaks, Raw",18.31,90
Smoked Salmon,18.3,117
"Pollock Steaks, Raw",18.3,85
"Whiting, Whole, Raw",18.3,86
"Whiting Fillet, Frozen",18.3,90
"Whiting Fillet, Raw",18.3,90
Flaxseeds,18.3,534
"Whiting Steaks, Raw",18.3,90
Sweetened Peanut Butter Chips,18.3,529
"King Crab, Frozen",18.3,83
"King Crab, Raw",18.3,84
Turkey Liver,18.3,128
Smoked Cobia,18.3,116
"Geoduck Meat, Raw",18.3,82
Smoked Coho Salmon,18.28,117
Cashew Paste,18.22,553
"Beef Kielbasa, Cooked",18.21,332
Cashews,18.2,553
Honey Roasted Almonds,18.2,594
Corned Beef,18.2,251
"Corned Beef, Cooked",18.2,251
"Croaker Fillet, Cooked",18.2,221
"Barramundi Fillet, with Skin",18.2,130
"Atlantic Croaker, Cooked",18.2,221
Smoked Croaker,18.2,170
"Corned Beef Patty, Cooked",18.17,251
American Cheese,18.1,366
"American Cheese, Slices",18.1,366
"Chicken Wings, Raw",18.1,190
Dutch-Processed Cocoa Powder,18.1,220
Fried Catfish,18.1,229
Poppy Seeds,18.1,533
"Rack of Lamb, Raw",18.1,240
Celery Seeds,18.1,392
"Blue Crab, Raw",18.1,87
"Soft-Shell Crab, Cooked",18.1,83
"Soft Shell Crab, Raw",18.1,83
"Chicken Drumsticks with Skin, Raw",18.1,161
"Crab, Raw",18.06,87
"Black Forest Ham, Sliced",18.03,124
Black Forest Ham,18.03,124
"Bone-In Skinless Chicken Thighs, Raw",18,165
Chicken Salad,18,159
"Low-Sodium Turkey, Cooked Slices",18,125
"Maple Ham, Sliced",18,140
"Cajun Turkey, Cooked, Sliced",18,121
Reduced Sodium Beef Sausage,18,180
Mozzarella Balls,18,246
Salmon Burger,18,190
"Pollock, Raw",18,90
Longaniza,18,350
"Breaded Sardines, Cooked",18,246
Atlantic Herring,18,158
Smoked Mackerel,18,312
Maple Flavored Sweetened Turkey Bacon,18,256
"Pork TV Dinner, Frozen",18,300
"Flaxseed, Meal",18,545
"Dungeness Crab, Canned and Drained",18,86
"Sea Bass Fillet, with Skin",18,97
Smoked Atlantic Mackerel,18,297.08
Ground Flaxseed,18,545
"Hake, Poached",18,85
Shrimp Salad,18,142
Double Cream Brie Cheese,18,365
Sheep's Milk Feta Cheese,18,260
Crab Salad Sandwich,18,200
"Veal Chop, Raw",18,234
"Stuffed Pork Tenderloin, Cooked",18,140
"Sardines in Spicy Sauce, Canned",18,150
Grilled Croaker,18,190
Ground Flaxseed Butter,18,534
Rasam Powder,18,307
Marinated Mahi-Mahi,18,144
Crucian Carp,18,125
Cheese Balls,18,427
"Magret Duck Breast, Raw",18,198
"Stone Crab, Cooked",18,90
"White Croaker, Raw",18,104
"Sea Urchin, Raw",18,131
"Pigeon, Raw",18,142
Grilled Chicken Salad,18,342
"Honey Ham, Sliced",17.9,122
Honey Ham,17.9,122
Dried Spicy Snack Sticks,17.9,393
"Haddock, Raw",17.9,77.92
"Canned Backfin Crab, Drained",17.9,83
"Beef Heart, Raw",17.9,108
"Special Crab, Canned and Drained",17.88,83
"Jumbo Lump Crab, Canned and Drained",17.88,83
"Canned Lump Crab, Drained",17.88,83
"Turkey Back, Raw",17.86,168
Mirror Carp,17.83,127
"Bighead Carp, Raw",17.83,127
Cumin,17.8,407
Cumin Seeds,17.8,375
Raw Tahini,17.8,570
"Atlantic Cod, Raw",17.8,82
"Skinless Cod Fillet, Raw",17.8,82
"Cod, Raw",17.8,82
"Mackerel Fillet, with Skin",17.8,186.42
"Carp Fillet, Raw",17.8,127
"Whole Cod, Raw",17.8,82
"Common Carp, Raw",17.8,127
"Grass Carp, Raw",17.8,127
"Yellowfin Croaker, Raw",17.78,104
"Striped Bass, Raw",17.73,97
"Cod Fillets, Raw",17.7,80
Wild-Caught Bass,17.7,97
"Bass Fillet, Raw",17.7,97
"Bass Fillet with Skin, Raw",17.7,97
"Bass Fillet, Skinless, Raw",17.7,97
"Bass Steak, Raw",17.7,97
"Lingcod Steak, Raw",17.7,85
Lingcod Fillet,17.7,85
"Chicken Gizzard, Raw",17.7,94
Pureed Chicken,17.7,139
"Lingcod, Whole, Raw",17.66,85
"Goose Gizzards, Raw",17.66,94
"Peppered Ham, Sliced",17.6,118
Cashew Butter,17.6,587
Raw Cashew Butter,17.6,587
"Point Cut Beef Brisket, Raw",17.6,267
Anise Seeds,17.6,337
Star Anise,17.6,337
"Chicken Thigh, Ground, Raw",17.5,140
Peanut Butter Filled Pretzels,17.5,500
Bockwurst,17.5,376
"Veal Breast, Raw",17.5,208
"Bone-In Pork Shoulder, Raw",17.42,186
"Dungeness Crab, Raw",17.41,86
"80% Lean Ground Beef, Raw",17.4,248
"Ground Beef, Raw",17.4,250
"Ground Chicken, Raw",17.4,143
"Ground Pork, Raw",17.4,246
"Pork Butt, Raw",17.4,216
"Trout Fillet, Skinless, Raw",17.4,291
"Herring, Frozen",17.4,179
"Thuringer Sausage, Cooked",17.4,362
"Beef Kidney, Raw",17.4,99
"Wild Duck, Raw",17.4,211
Oat Bran,17.3,246
Matcha,17.3,324
"Sunflower Seed Butter, Salted",17.3,617
"Hake Fillet, Raw",17.3,80
Unsweetened Sunflower Seed Butter,17.3,617
"Hake, Raw",17.3,80
"Skinless Hake Fillet, Raw",17.3,80
Hake Fillets,17.3,80
"Butterfish Fillet with Skin, Raw",17.3,146
"Butterfish Fillet, Skinless, Raw",17.3,146
Sunflower Seed Butter,17.28,617
"Goat Shoulder, Raw",17.28,82.6
"Chicken Breast, Bone-In, Skin-On, Raw",17.2,119.12
Salted Sunflower Seeds,17.2,619
"Boneless Pork Shoulder, Raw",17.2,236
"Pork Shoulder, Raw",17.2,236
"Sunflower Seeds, Unsalted",17.2,619
"Sablefish, Cooked",17.2,250
"Crab Claws, Raw",17.2,85
"Turkey Italian Sausage, Raw",17.19,139
Lean Ground Lamb,17.1,255
Multigrain Melba Toast,17.1,419
"Abalone, Raw",17.1,105
Lotus Seeds,17.06,368
"Pork Sausages, Raw",17,250
Granulated Garlic,17,333
Protein Pancakes,17,205
Oat Bran Cereal,17,364
Roasted Tahini,17,595
Roasted Green Peas,17,500
Goat Milk Feta Cheese,17,300
Vegan Breakfast Sausages,17,210
"Hoki, Raw",17,80
"Lamb Shoulder Chops, Raw",17,275
"Chicken Stir-Fry Meal Kit, Uncooked",17,132
Goat Milk Brie,17,324
Canned Fancy White Crab Meat,17,81
"Green-Lipped Mussels, Cooked",17,107
Époisses Cheese,17,290
Philly Cheesesteak Sandwich,17,390
"Lean Corned Beef, Cooked",16.9,103
"Lamb Shoulder, Boneless, Raw",16.9,252
"Lamb Shoulder Roast, Boneless, Raw",16.9,252
"Chicken Livers, Raw",16.9,116
Blood Sausage,16.83,249
Cajun Chicken Sandwich,16.8,255
Peanut Butter Coated Pretzels,16.8,478
"White Mullet, Raw",16.8,92
Garlic Powder,16.7,337
Instant Chicken Broth Soup,16.7,267
Smoked Pork Chop,16.7,167
"Turkey Andouille Sausage, Cooked",16.7,167
Mortadella,16.7,290
Wild-Caught Haddock,16.7,74
Gluten-Free Sugar-Free Nut-Based Granola,16.7,567
"Dashi, Dried",16.7,438
"Turkey Heart, Raw",16.7,140
"Turkey Tail, Raw",16.7,220
"Beef Neck Bones, Raw",16.64,131.4
Bone-In Pork Chop,16.6,136
"Ground Lamb, Raw",16.6,282
Bone-In Lamb Shoulder,16.6,264
"Boneless Skin-On Chicken Thighs, Raw",16.5,221
Turkey Breakfast Sausage,16.5,172
"Beef Sandwich Steak, Raw",16.5,309
Chia Seeds,16.5,486
"American Lobster, Raw",16.5,77
"Turkey Neck, Raw",16.5,125
Whole Halibut,16.48,84.51
Canned Sardines in Tomato Sauce,16.4,155.83
"Wild-Caught Catfish, Raw",16.4,95
"Pacific Herring, Raw",16.4,215
"Orange Roughy Fillets, Raw",16.4,77
"Frog Legs, Raw",16.4,73
"Herring, Raw",16.39,195
"Chili Lime Cashews, Salted",16.3,590
Club Sandwich,16.3,239
Peanut Butter Filled Hard Pretzels,16.3,473
"Farm-Raised Haddock, Raw",16.3,74
"Skinless Haddock Fillet, Raw",16.3,74
"Porterhouse Steak, Raw",16.3,177
"Haddock Fillet, Raw",16.3,74
Turkey Pastrami,16.3,139
Haddock Steak,16.3,74
"Lemon Sole, Raw",16.3,72.42
Danish Blue Cheese,16.3,402.0081
Baked Turkey Nuggets,16.2,177
"Cobia Steak, Raw",16.2,243
"Crab Meat, Canned and Drained",16.2,77
Herring Fillet,16.2,214
"Jonah Crab, Cooked",16.2,99
"Baltic Herring, Raw",16.2,122.61
Cheese Quesadillas,16.2,368
"Mesquite Turkey, Slices",16.1,89.3
Teriyaki Beef Steak,16.1,125
Turkey Salad,16.1,230
"Whole Tilapia, Raw",16.1,77
Coconut Flour,16.1,438
Linguica,16.1,232
"Leg of Lamb, Bone-In, Raw",16.1,147
"Sturgeon Fillet, Raw",16.1,105
"Sturgeon Fillet with Skin, Raw",16.1,105
"Sturgeon Steak, Raw",16.1,105
Sweetened Mixed Nut Granola,16,460
Tuna Salad,16,187
Cranberry Snack Bar,16,431
Mushroom Tortellini,16,460
Blueberry Pancake Mix,16,361
Instant Beef Broth Soup,16,213
Lentil Veggie Burger Patty,16,223
Breaded Cod,16,190
Canned Tuna and Crackers Snack Pack,16,300
"Pancetta, Raw",16,445
Fried Rockfish,16,160
Za'atar,16,370
"Squid, Raw",16,92
"Squid, Rings",16,87.5
Gluten-Free Turkey Nuggets,16,184
Mortadella with Pistachios,16,293
Venison Sausage,16,160
"Cuttlefish, Raw",16,79
"Turbot, Raw",16,85
"Squid Tentacles, Raw",16,92
"Lupini Beans, Canned and Drained",16,120
Elk Sausage,16,290
"Quail, Whole, Raw",16,151
Pureed Pork,16,150
Fried Chicken,15.9,307
Egg Yolk,15.9,322
Liquid Egg Yolks,15.9,321
"75% Lean Ground Beef, Raw",15.8,293
Ham,15.8,136
"Lamb Loin, Raw",15.8,288
Fennel Seeds,15.8,345
"Pork Chorizo, Raw",15.7,273
Nonfat Cream Cheese,15.7,105
"Turkey Chorizo, Raw",15.7,186
Sugar-Free Gelatin Dessert,15.7,198
"Quail Legs, Raw",15.7,154
Veggie Burger Patty,15.7,177
Wheat Bran,15.6,216
Walnut Butter,15.6,653
"Squid Tubes, Raw",15.6,92
Semi-Pearled Farro,15.6,378
"Chicken Hearts, Raw",15.58,151.55
Marinated Pork Shoulder,15.5,232
"Whole Pollock, Raw",15.5,74
Dried Wasabi,15.5,352
"Chicken Feet, Raw",15.5,172
"Deli Ham, Sliced",15.47,122.5
"Instant Chicken Noodle Soup, Flavored",15.42,377
Instant Chicken Noodle Soup,15.4,377
"Turkey Legs, Raw",15.4,118
"Cottage Cheese, Herb Flavored",15.4,137.5
Roast Beef Sandwich,15.34,246
"Cashews, Roasted",15.3,574
Crispy Pork Belly,15.3,282
"Pacific Cod, Raw",15.3,69
Quick Cook Wild Rice,15.3,387
Vegan Chorizo Crumbles,15.3,186
"Ocean Perch, Raw",15.3,79
"Crawfish, Raw",15.3,74
Ground Walnuts,15.23,654
Honey Roasted Cashews,15.2,568
"Catfish Fillet, Raw",15.2,119
"Catfish, Farm-Raised Raw",15.2,119
"Breakfast Sausages, Cooked",15.14,298
"Cod Fillet, Skin-On, Raw",15.1,70
Turkey Sandwich,15,173
Chicken Sandwich,15,203
Multigrain Oat Bread,15,288
Multigrain Honey Bread,15,288
Chicken Quesadillas,15,294
Alfredo Sauce,15,535
Walnuts,15,654
"Pork Breakfast Sausage, Cooked",15,378
"Spicy Turkey Sausage, Cooked",15,158
Multigrain Baguette,15,288
"Garlic Herb Seasoned Almonds, Salted",15,607
"Flounder, Cooked",15,82
Tuna Melt Sandwich,15,260
Chicken Burritos,15,240
Multigrain Roll with Nuts,15,288
Low-Sodium Chicken Frozen Dinner,15,80
"Sweetened Chocolate and Nut Mix, Snack Pack",15,569
Pastrami Sandwich,15,196
"Duck Sausages, Raw",15,300
"St. Louis Style Pork Ribs, Cooked, Sweetened",15,307
Loaded Potato Soup,15,360
Canned Sardines in Mustard Sauce,15,150
"Potato Bread, Seeded",15,280
"Chicken Meatballs, in Sauce",15,175
Brazil Nut Butter,15,748.6
Hazelnut Flour,15,645
No-Bake Coconut Cookies,15,620
Mushroom Meatless Meatballs,15,176
Pav Bhaji Masala,15,318.12
"Tongue, Raw",15,224
Nigella Seeds,15,328
Dried Banana Yogurt Melts,15,429
"Octopus Tentacles, Raw",15,80
"Foie Gras, Raw",15,411
